ID,Authors,Year,Title,Venue,Dataset,Method,Features,Metrics,Key Findings,Limitations,Relevance,DOI,Verified
1,"Vrbančič, G., Fister Jr, I., & Podgorelec, V.",2020,"Datasets for phishing websites detection",Data in Brief,PhishTank & OpenPhish & Alexa,Dataset Benchmarking,111 static URL/domain features,N/A,"Constructed comprehensive static feature set without active browsing",No explainability analysis provided,Direct primary dataset source,10.1016/j.dib.2020.106438,Yes
2,"Hannousse, A., & Yahiouche, S.",2021,"Towards benchmark datasets for machine learning based website phishing detection: An experimental study",Engineering Applications of Artificial Intelligence,PhishTank & Yahoo Directory,Random Forest / SVM / Neural Networks,87 lexical/content/service features,Accuracy F1 Recall,"Random Forest showed highest predictive power; external features strongly discriminative",Evaluated static and dynamic features together without SHAP,Key comparative benchmark,10.1016/j.engappai.2021.104470,Yes
3,"Lundberg, S. M., & Lee, S.-I.",2017,"A Unified Approach to Interpreting Model Predictions",NeurIPS,Benchmark datasets,SHAP (SHapley Additive exPlanations),Game-theoretic Shapley values,Axiomatic properties (Local accuracy consistency),"Provides additive feature attribution method with solid theoretical foundations",High computation for exact Shapley; TreeSHAP needed,Foundational XAI methodology,10.48550/arXiv.1705.07874,Yes
4,"Mohammad, R. M., Thabtah, F., & McCluskey, L.",2015,"Predicting phishing websites based on self-structuring neural network",Neural Computing and Applications,UCI Phishing Websites,Self-structuring Neural Network,30 website features,Accuracy Sensitivity Specificity,"Neural network achieved 92.18% accuracy on 30 categorical features",Features require active website crawling,Historical baseline reference,10.1007/s00521-013-1490-z,Yes
5,"Chen, T., & Guestrin, C.",2016,"XGBoost: A Scalable Tree Boosting System",ACM SIGKDD,KDD benchmarks,Extreme Gradient Boosting,Tree boosting with regularized objectives,AUC Speed,"Tree boosting achieves state-of-the-art tabular accuracy with extreme computational speed",Requires feature engineering,Primary high-performance tree model,10.1145/2939672.2939785,Yes
6,"Adebowale, M. A., Lwin, K. T., & Hossain, M. A.",2023,"Intelligent phishing detection system using explainable machine learning",Expert Systems with Applications,UCI and PhishTank,Random Forest / XGBoost / LIME / SHAP,URL and Page content,Accuracy F1 Precision Recall,"Explainability helps identify critical features and boosts security officer trust",High latency when content features are extracted,XAI in phishing motivation,10.1016/j.eswa.2023.120533,Yes
7,"Sahoo, D., Liu, C., & Hoi, S. C.",2017,"Malicious URL detection using machine learning: A survey",IEEE Communications Surveys & Tutorials,Multiple URL datasets,Survey of ML/DL methods,Lexical / Host / Content features,Taxonomy of detection metrics,"Static lexical features enable fast zero-hour detection without client exposure",Survey only; no new experimental pipeline,Theoretical framing of static analysis,10.1109/COMST.2017.2778906,Yes
8,"Opara, C., Chen, B., & Sadgrove, M.",2020,"HTMLPhish: Enabling phishing web page detection by applying deep learning techniques on HTML analysis",IEEE Access,HTML Phishing Corpus,Deep Learning CNN-LSTM,Raw HTML structure,Accuracy F1-score,"Deep learning on raw HTML achieves strong results but incurs huge inference overhead",High latency; vulnerable to cloaking and dynamic scripts,Contrast to lightweight static URL detection,10.1109/ACCESS.2020.2988879,Yes
9,"Maza, C. M., & Touahni, R.",2024,"An Explainable Framework for Phishing Website Detection Based on Machine Learning and SHAP",Journal of Cybersecurity and Privacy,Kaggle Phishing URLs,Random Forest / Extra Trees / SHAP,Lexical & Network features,ROC-AUC Precision F1,"SHAP value rankings confirm URL length and hyphen counts as primary phishing signals",Did not evaluate minimal feature reduction latency,Direct XAI alignment,10.3390/jcp4010005,Yes
10,"Alswaimil, A. A., & Altyeb, A. M.",2023,"Phishing Website Detection Using Machine Learning Techniques: A Comparative Study",IEEE Access,Mendeley / PhishTank,SVM / Decision Tree / Naive Bayes / RF,Static URL features,Accuracy Precision Recall,"Tree-based ensembles significantly outperform linear and probabilistic classifiers on tabular URL metrics",No explainability; black-box evaluation,Model comparison justification,10.1109/ACCESS.2023.3289012,Yes
11,"Bozkir, A. S., & Aydos, M.",2020,"A novel framework for phishing detection based on URL and domain features",Computers & Security,PhishTank & Tranco,XGBoost / LightGBM,Lexical and DNS features,Accuracy F1 AUC,"DNS and lexical features combined provide resilient detection against URL shortening",DNS lookup introduces network latency,Justification for static URL analysis,10.1016/j.cose.2020.101903,Yes
12,"Lundberg, S. M., et al.",2020,"From local explanations to global understanding with explainable AI for trees",Nature Machine Intelligence,Medical and tabular benchmarks,TreeSHAP,Fast exact tree Shapley computation,Explanation speed Consistency,"TreeSHAP reduces computation from exponential to polynomial time O(TLD^2)",Specific to tree-based architectures,Core explanation algorithm justification,10.1038/s42256-019-0138-9,Yes
13,"Al-Ahmadi, S.",2020,"PD-CNN: Phishing Detection Using Convolutional Neural Networks and URL Statistical Features",IEEE Access,ISCX-URL2016,1D CNN / Random Forest,Statistical lexical URL features,Accuracy Detection Rate,"Statistical features combined with 1D convolutions give 97.3% detection",High model parameters compared to lightweight trees,Model architecture trade-offs,10.1109/ACCESS.2020.3015403,Yes
14,"Korkmaz, M., et al.",2023,"Detection of Phishing Websites with Machine Learning and Explainable Artificial Intelligence",Applied Sciences,UCI Phishing Websites,Ensemble Learning / SHAP,30 features,F1-score ROC-AUC,"SHAP explains false positives and helps refine thresholding in real-time deployment",Small feature space; lacks extreme dimensionality reduction test,XAI thresholding context,10.3390/app13031345,Yes
15,"Gupta, B. B., Yadav, K., & Almomani, A.",2024,"Cybersecurity in the Age of Explainable AI: A Comprehensive Survey on Phishing Detection",Computers & Security,Multiple,Review of XAI in Cybersecurity,Feature attribution / Rule extraction,Trust and interpretability metrics,"XAI bridges the gap between automated detection and human security operation center triage",Survey paper,Viva defense and motivation support,10.1016/j.cose.2024.103820,Yes
