feature,mean_abs_shap,rank
directory_length,1.0810535,1
time_domain_activation,0.99117446,2
qty_slash_url,0.737696,3
length_url,0.7222109,4
qty_dot_domain,0.52931327,5
ttl_hostname,0.31473887,6
asn_ip,0.20572871,7
time_response,0.17236724,8
qty_hyphen_directory,0.12766862,9
qty_redirects,0.10824793,10
time_domain_expiration,0.1003585,11
qty_nameservers,0.09917448,12
domain_length,0.09263496,13
qty_mx_servers,0.0905959,14
qty_ip_resolved,0.08580895,15
file_length,0.08344784,16
tls_ssl_certificate,0.081958465,17
domain_spf,0.08083831,18
qty_slash_directory,0.07034691,19
qty_tld_url,0.068767816,20
qty_dot_url,0.06294213,21
params_length,0.05636788,22
qty_dot_directory,0.04776459,23
qty_dot_params,0.047374673,24
qty_vowels_domain,0.04368899,25
qty_hyphen_domain,0.03884132,26
qty_at_url,0.030258229,27
qty_hyphen_url,0.029651966,28
url_shortened,0.016601397,29
qty_hyphen_params,0.014195278,30
qty_underline_file,0.013344949,31
qty_hyphen_file,0.012247917,32
qty_params,0.012115515,33
qty_equal_directory,0.010710885,34
qty_dot_file,0.0072456654,35
qty_equal_url,0.0065188897,36
qty_percent_url,0.005803513,37
qty_underline_url,0.0049898433,38
qty_underline_directory,0.0041826055,39
qty_percent_file,0.003395322,40
domain_in_ip,0.0032343573,41
qty_underline_params,0.0025490155,42
tld_present_params,0.0023541127,43
qty_plus_url,0.0020296022,44
qty_percent_directory,0.0019465778,45
qty_comma_file,0.0017445398,46
qty_equal_params,0.00076077244,47
qty_at_directory,0.00045769883,48
qty_tilde_directory,0.00037270752,49
qty_percent_params,0.00036335175,50
qty_plus_params,0.0003213101,51
qty_comma_url,0.0003160022,52
qty_comma_directory,0.00031335867,53
qty_and_url,8.140919e-05,54
qty_questionmark_directory,0.0,55
url_google_index,0.0,56
qty_comma_params,0.0,57
qty_asterisk_params,0.0,58
qty_hashtag_params,0.0,59
qty_dollar_params,0.0,60
domain_google_index,0.0,61
qty_dollar_url,0.0,62
email_in_url,0.0,63
qty_and_directory,0.0,64
qty_questionmark_url,0.0,65
qty_hashtag_url,0.0,66
qty_asterisk_url,0.0,67
qty_space_params,0.0,68
qty_tilde_url,0.0,69
qty_space_url,0.0,70
qty_exclamation_url,0.0,71
qty_tilde_params,0.0,72
qty_plus_directory,0.0,73
qty_exclamation_params,0.0,74
qty_tilde_file,0.0,75
qty_hashtag_directory,0.0,76
qty_dollar_directory,0.0,77
qty_space_directory,0.0,78
qty_slash_file,0.0,79
qty_at_domain,0.0,80
qty_equal_file,0.0,81
qty_at_file,0.0,82
qty_and_file,0.0,83
qty_exclamation_file,0.0,84
qty_space_file,0.0,85
qty_plus_file,0.0,86
qty_and_params,0.0,87
qty_asterisk_file,0.0,88
qty_hashtag_file,0.0,89
qty_dollar_file,0.0,90
qty_underline_domain,0.0,91
server_client_domain,0.0,92
qty_exclamation_directory,0.0,93
qty_slash_params,0.0,94
qty_questionmark_params,0.0,95
qty_asterisk_directory,0.0,96
qty_at_params,0.0,97
qty_questionmark_file,0.0,98
